,municipality,up_until_year,count_of_stations,plugs,closest_in_meters,closest_in_meters_std
0,Aabenraa,2013,1,3,,
1,Aalborg,2013,5,11,1114.4,1159.1435631534173
2,Aarhus,2013,1,4,,
3,Ballerup,2013,1,2,,
4,Billund,2013,1,4,,
5,Esbjerg,2013,6,25,19661.833333333332,46691.27697297073
6,Faxe,2013,2,4,7756.0,837.2144289248723
7,Fredericia,2013,2,7,823.5,897.3185053257288
8,Frederiksberg,2013,2,10,172.5,94.04520189781083
9,Frederikshavn,2013,1,2,,
10,Glostrup,2013,1,3,,
11,Greve,2013,1,3,,
12,Guldborgsund,2013,2,5,1189.5,934.0880579474293
13,Haderslev,2013,1,3,,
14,Herning,2013,1,4,,
15,Hillerød,2013,2,6,870.0,9.899494936611665
16,Hjørring,2013,1,2,,
17,Holbæk,2013,1,2,,
18,Holstebro,2013,1,3,,
19,Horsens,2013,2,6,1332.5,1532.3003948312485
20,Høje Taastrup,2013,1,3,,
21,Ishøj,2013,1,3,,
22,Kalundborg,2013,1,3,,
23,Kolding,2013,2,8,914.0,707.1067811865476
24,København,2013,12,105,381.3333333333333,383.1895646077049
25,Køge,2013,3,13,1290.0,945.7901458568914
26,Lolland,2013,1,2,,
27,Lyngby-Taarbæk,2013,4,18,344.75,92.25462951346488
28,Næstved,2013,2,15,544.0,72.12489168102785
29,Odense,2013,3,19,701.3333333333334,21.36195996001616
30,Randers,2013,1,3,,
31,Ringsted,2013,2,5,115.0,39.59797974644666
32,Roskilde,2013,2,5,439.0,343.6538956566621
33,Rudersdal,2013,2,3,155.0,0.0
34,Silkeborg,2013,1,1,,
35,Skive,2013,2,5,444.5,43.1335136523794
36,Slagelse,2013,5,16,313.4,325.455526915737
37,Sorø,2013,1,2,,
38,Svendborg,2013,1,5,,
39,Sønderborg,2013,3,9,1903.0,2337.9480319288537
40,Thisted,2013,1,1,,
41,Tårnby,2013,1,1,,
42,Tønder,2013,1,2,,
43,Varde,2013,1,2,,
44,Vejle,2013,3,8,350.6666666666667,236.34790740206128
45,Viborg,2013,1,3,,
46,Vordingborg,2013,2,6,3761.5,2755.595126283976
47,Aabenraa,2014,3,37,291.0,294.92880496824995
48,Aalborg,2014,7,20,917.7142857142857,1004.936600701045
49,Aarhus,2014,6,22,595.1666666666666,352.7993291754771
50,Assens,2014,2,9,3616.5,1182.989644925094
51,Ballerup,2014,2,10,813.0,681.6509370638319
52,Billund,2014,3,12,828.3333333333334,310.53233862728905
53,Esbjerg,2014,7,27,17939.85714285714,42865.90566494764
54,Favrskov,2014,1,1,,
55,Faxe,2014,2,4,7756.0,837.2144289248723
56,Fredericia,2014,2,7,823.5,897.3185053257288
57,Frederiksberg,2014,4,18,253.5,108.42662649613948
58,Frederikshavn,2014,2,8,7261.0,9709.990319253671
59,Frederikssund,2014,1,2,,
60,Gentofte,2014,1,2,,
61,Glostrup,2014,3,11,380.6666666666667,314.71468560163083
62,Greve,2014,3,15,1572.0,2070.6841864465955
63,Gribskov,2014,1,4,,
64,Guldborgsund,2014,2,5,1189.5,934.0880579474293
65,Haderslev,2014,2,7,1046.0,609.526045382804
66,Helsingør,2014,1,2,,
67,Herlev,2014,2,10,958.5,14.849242404917497
68,Herning,2014,2,10,1322.0,309.7127701597078
69,Hillerød,2014,4,10,481.5,450.41795405304765
70,Hjørring,2014,4,38,980.75,989.0960098325473
71,Holbæk,2014,3,8,2495.6666666666665,3821.5005342578897
72,Holstebro,2014,3,12,380.6666666666667,273.1159704838466
73,Horsens,2014,2,6,1332.5,1532.3003948312485
74,Høje Taastrup,2014,2,10,953.0,1055.003317530329
75,Hørsholm,2014,1,4,,
76,Ikast-Brande,2014,1,1,,
77,Ishøj,2014,2,5,1115.0,1282.691701072397
78,Kalundborg,2014,2,11,267.5,14.849242404917497
79,Kolding,2014,2,8,914.0,707.1067811865476
80,København,2014,34,236,304.5,252.12481877519366
81,Køge,2014,4,65,982.75,986.8922180258593
82,Lolland,2014,2,8,2036.0,166.87720036002523
83,Lyngby-Taarbæk,2014,5,24,353.6,82.3091732433269
84,Mariagerfjord,2014,1,1,,
85,Middelfart,2014,2,26,1094.5,1513.9156185203983
86,Morsø,2014,1,6,,
87,Norddjurs,2014,1,4,,
88,Nyborg,2014,1,12,,
89,Næstved,2014,2,15,544.0,72.12489168102785
90,Odense,2014,4,21,672.5,60.24671498651745
91,Randers,2014,3,33,1142.6666666666667,716.8419165571537
92,Rebild,2014,1,2,,
93,Ringkøbing-Skjern,2014,1,2,,
94,Ringsted,2014,2,5,115.0,39.59797974644666
95,Roskilde,2014,3,13,587.3333333333334,353.63446287562715
96,Rudersdal,2014,2,3,155.0,0.0
97,Rødovre,2014,1,2,,
98,Samsø,2014,2,4,3517.0,2097.2787129993
99,Silkeborg,2014,3,7,1572.3333333333333,1442.4442219140863
100,Skanderborg,2014,2,12,5683.0,5488.562835569982
101,Skive,2014,2,5,444.5,43.1335136523794
102,Slagelse,2014,6,20,648.8333333333334,871.6823771688095
103,Sorø,2014,3,14,10298.0,12871.038341952059
104,Svendborg,2014,1,5,,
105,Syddjurs,2014,2,4,493.0,0.0
106,Sønderborg,2014,7,21,941.4285714285714,1626.1933932902791
107,Thisted,2014,23,33,2945.913043478261,2473.44268568479
108,Tårnby,2014,2,12,188.5,137.88582233137677
109,Tønder,2014,1,2,,
110,Varde,2014,1,2,,
111,Vejen,2014,1,2,,
112,Vejle,2014,6,21,2366.6666666666665,2868.4089434156117
113,Viborg,2014,2,5,2682.5,2897.016482521285
114,Vordingborg,2014,2,6,3761.5,2755.595126283976
115,Aabenraa,2015,7,48,2359.0,5268.545782914548
116,Aalborg,2015,12,33,641.5833333333334,836.3582810269917
117,Aarhus,2015,24,111,1049.3333333333333,1242.2178856232583
118,Albertslund,2015,1,4,,
119,Assens,2015,2,9,3616.5,1182.989644925094
120,Ballerup,2015,2,10,813.0,681.6509370638319
121,Billund,2015,3,12,828.3333333333334,310.53233862728905
122,Bornholm,2015,4,11,319.5,115.88643866590544
123,Brønderslev,2015,1,3,,
124,Dragør,2015,1,6,,
125,Esbjerg,2015,8,29,15752.75,40165.35059600501
126,Favrskov,2015,1,1,,
127,Faxe,2015,2,4,7756.0,837.2144289248723
128,Fredericia,2015,2,7,823.5,897.3185053257288
129,Frederiksberg,2015,5,30,299.8,139.77016849099095
130,Frederikshavn,2015,4,12,4024.25,6738.754948059767
131,Frederikssund,2015,3,11,280.3333333333333,119.7260762462937
132,Furesø,2015,1,8,,
133,Gentofte,2015,3,14,720.6666666666666,323.14908839935373
134,Glostrup,2015,3,11,380.6666666666667,314.71468560163083
135,Greve,2015,4,21,1438.5,1711.659331370196
136,Gribskov,2015,1,4,,
137,Guldborgsund,2015,3,21,1290.3333333333333,683.2000683060076
138,Haderslev,2015,4,13,4747.25,4307.418126519257
139,Halsnæs,2015,1,1,,
140,Helsingør,2015,1,2,,
141,Herlev,2015,2,10,958.5,14.849242404917497
142,Herning,2015,2,10,1322.0,309.7127701597078
143,Hillerød,2015,4,10,481.5,450.41795405304765
144,Hjørring,2015,4,38,980.75,989.0960098325473
145,Holbæk,2015,5,20,1662.0,2935.914423139748
146,Holstebro,2015,3,12,380.6666666666667,273.1159704838466
147,Horsens,2015,5,18,961.8,910.2591389269321
148,Høje Taastrup,2015,4,26,791.0,650.6022850661788
149,Hørsholm,2015,1,4,,
150,Ikast-Brande,2015,1,1,,
151,Ishøj,2015,2,5,1115.0,1282.691701072397
152,Jammerbugt,2015,1,3,,
153,Kalundborg,2015,3,15,264.0,12.12435565298214
154,Kolding,2015,6,25,2974.6666666666665,3770.9827719928217
155,København,2015,57,333,362.6140350877193,304.40895626876943
156,Køge,2015,4,65,982.75,986.8922180258593
157,Lolland,2015,2,8,2036.0,166.87720036002523
158,Lyngby-Taarbæk,2015,6,30,410.6666666666667,157.9856533570902
159,Mariagerfjord,2015,3,5,1320.0,314.1989815387695
160,Middelfart,2015,4,29,556.5,1072.345870820915
161,Morsø,2015,1,6,,
162,Norddjurs,2015,2,7,649.0,24.041630560342615
163,Nyborg,2015,2,16,151.5,173.24116139070415
164,Næstved,2015,3,21,555.6666666666666,54.85739087245523
165,Odder,2015,1,3,,
166,Odense,2015,8,40,791.375,551.7569178801217
167,Odsherred,2015,1,3,,
168,Randers,2015,9,63,1767.888888888889,2297.9592274692586
169,Rebild,2015,2,8,4257.0,5870.400497410717
170,Ringkøbing-Skjern,2015,3,8,3205.6666666666665,4760.589179222813
171,Ringsted,2015,2,5,115.0,39.59797974644666
172,Roskilde,2015,4,25,644.0,310.1870403482389
173,Rudersdal,2015,3,5,952.6666666666666,1381.5991941707746
174,Rødovre,2015,1,2,,
175,Samsø,2015,2,4,3517.0,2097.2787129993
176,Silkeborg,2015,4,8,1212.25,1380.4843051142113
177,Skanderborg,2015,4,23,2980.0,4450.932112116143
178,Skive,2015,2,5,444.5,43.1335136523794
179,Slagelse,2015,8,27,584.375,775.02349042741
180,Sorø,2015,3,14,10298.0,12871.038341952059
181,Svendborg,2015,1,5,,
182,Syddjurs,2015,2,4,493.0,0.0
183,Sønderborg,2015,7,21,941.4285714285714,1626.1933932902791
184,Thisted,2015,28,45,2715.25,2379.5939526796647
185,Tårnby,2015,2,12,188.5,137.88582233137677
186,Tønder,2015,2,5,520.0,473.76154339498686
187,Varde,2015,1,2,,
188,Vejen,2015,1,2,,
189,Vejle,2015,12,42,2821.5833333333335,2893.214898166
190,Vesthimmerlands,2015,1,3,,
191,Viborg,2015,4,13,1581.25,2112.536607177889
192,Vordingborg,2015,3,9,2756.3333333333335,2612.9929837895343
193,Aabenraa,2016,10,58,2050.6,4422.586050918374
194,Aalborg,2016,15,53,698.0666666666667,820.1124022845602
195,Aarhus,2016,34,158,1230.235294117647,1384.9484195366929
196,Albertslund,2016,1,4,,
197,Allerød,2016,1,4,,
198,Assens,2016,4,17,2629.25,1328.9237186535577
199,Ballerup,2016,4,16,507.5,551.7369542333255
200,Billund,2016,3,12,828.3333333333334,310.53233862728905
201,Bornholm,2016,7,20,452.57142857142856,379.25974263155376
202,Brønderslev,2016,2,4,1808.0,2367.393503412561
203,Dragør,2016,3,16,767.6666666666666,217.08600446213322
204,Esbjerg,2016,9,32,14012.666666666666,37932.16939485534
205,Faaborg-Midtfyn,2016,2,8,4174.5,5585.436464592539
206,Favrskov,2016,1,1,,
207,Faxe,2016,2,4,7756.0,837.2144289248723
208,Fredensborg,2016,1,3,,
209,Fredericia,2016,4,14,748.75,525.2106720164776
210,Frederiksberg,2016,18,90,252.22222222222223,120.81904580845423
211,Frederikshavn,2016,6,20,2707.8333333333335,5604.268709355991
212,Frederikssund,2016,4,12,313.25,117.85690476166427
213,Furesø,2016,1,8,,
214,Gentofte,2016,4,20,555.0,423.5547977141407
215,Gladsaxe,2016,1,3,,
216,Glostrup,2016,3,11,380.6666666666667,314.71468560163083
217,Greve,2016,4,21,1438.5,1711.659331370196
218,Gribskov,2016,3,8,1788.0,1117.4403787227309
219,Guldborgsund,2016,6,31,2892.3333333333335,4856.3302468702295
220,Haderslev,2016,5,19,3884.6,4199.549178185678
221,Halsnæs,2016,1,1,,
222,Hedensted,2016,2,10,8114.5,4202.335600591652
223,Helsingør,2016,3,9,529.6666666666666,291.5207253924381
224,Herlev,2016,2,10,958.5,14.849242404917497
225,Herning,2016,3,15,5427.333333333333,7114.017594393012
226,Hillerød,2016,4,10,481.5,450.41795405304765
227,Hjørring,2016,9,51,952.8888888888889,673.5026808492385
228,Holbæk,2016,5,20,1662.0,2935.914423139748
229,Holstebro,2016,5,21,604.2,449.7084611167551
230,Horsens,2016,8,23,751.125,756.2625087513311
231,Hvidovre,2016,1,6,,
232,Høje Taastrup,2016,5,30,874.2,593.3579863792178
233,Hørsholm,2016,2,10,913.0,923.481456229631
234,Ikast-Brande,2016,1,1,,
235,Ishøj,2016,2,5,1115.0,1282.691701072397
236,Jammerbugt,2016,3,6,819.3333333333334,239.3372794475055
237,Kalundborg,2016,4,16,1937.75,3347.5146377573915
238,Kerteminde,2016,1,1,,
239,Kolding,2016,9,39,2925.777777777778,3374.5242545349183
240,København,2016,107,618,419.57943925233644,345.87815602976514
241,Køge,2016,5,73,798.4,948.8897723128857
242,Lejre,2016,1,4,,
243,Lolland,2016,4,13,5202.0,3657.0953865966726
244,Lyngby-Taarbæk,2016,7,34,625.0,585.1247730185418
245,Læsø,2016,1,3,,
246,Mariagerfjord,2016,3,5,1320.0,314.1989815387695
247,Middelfart,2016,7,36,913.0,965.2350318273092
248,Morsø,2016,2,14,982.0,453.96255352176354
249,Norddjurs,2016,3,8,821.3333333333334,298.97380041290126
250,Nordfyns,2016,1,2,,
251,Nyborg,2016,6,33,393.6666666666667,415.7507265978818
252,Næstved,2016,3,21,555.6666666666666,54.85739087245523
253,Odder,2016,2,6,483.0,0.0
254,Odense,2016,13,55,1204.923076923077,1440.506476992176
255,Odsherred,2016,1,3,,
256,Randers,2016,10,68,1608.1,2224.681173162173
257,Rebild,2016,4,14,3323.5,3556.556902398723
258,Ringkøbing-Skjern,2016,5,16,3798.2,4395.076927654395
259,Ringsted,2016,2,5,115.0,39.59797974644666
260,Roskilde,2016,6,29,723.6666666666666,383.30388292667567
261,Rudersdal,2016,4,11,1251.0,1276.1486329316556
262,Rødovre,2016,1,2,,
263,Samsø,2016,2,4,3517.0,2097.2787129993
264,Silkeborg,2016,5,12,1085.6,1228.6186552384756
265,Skanderborg,2016,4,23,2980.0,4450.932112116143
266,Skive,2016,2,5,444.5,43.1335136523794
267,Slagelse,2016,12,58,908.25,1689.2925967021602
268,Sorø,2016,4,16,8344.75,11211.742099989042
269,Stevns,2016,2,4,7259.0,151.32085117392117
270,Svendborg,2016,6,17,1723.1666666666667,2276.597673429951
271,Syddjurs,2016,4,10,1936.0,1742.8662216781488
272,Sønderborg,2016,12,44,1097.25,1466.7226375339494
273,Thisted,2016,30,48,2851.0333333333333,2573.6631545976124
274,Tårnby,2016,7,32,489.42857142857144,395.897653922011
275,Tønder,2016,3,6,1622.3333333333333,1938.4636528274998
276,Varde,2016,3,11,8215.333333333334,2792.161408896938
277,Vejen,2016,1,2,,
278,Vejle,2016,17,55,2836.823529411765,2710.5018731614564
279,Vesthimmerlands,2016,2,7,608.5,686.6006845321376
280,Viborg,2016,5,19,3531.2,4728.491641105015
281,Vordingborg,2016,6,16,1728.0,2009.3076419503311
282,Aabenraa,2017,10,58,2050.6,4422.586050918374
283,Aalborg,2017,24,83,1729.0416666666667,4570.264786156236
284,Aarhus,2017,39,184,1119.5384615384614,1325.8905219185183
285,Albertslund,2017,1,4,,
286,Allerød,2017,1,4,,
287,Assens,2017,4,17,2629.25,1328.9237186535577
288,Ballerup,2017,6,22,858.1666666666666,1039.9298854570277
289,Billund,2017,5,16,719.4,388.9303279509069
290,Bornholm,2017,9,24,494.22222222222223,377.62176108434807
291,Brøndby,2017,1,4,,
292,Brønderslev,2017,5,22,4441.0,2988.790558068598
293,Dragør,2017,3,16,767.6666666666666,217.08600446213322
294,Esbjerg,2017,13,39,10946.76923076923,31442.83074924459
295,Faaborg-Midtfyn,2017,2,8,4174.5,5585.436464592539
296,Favrskov,2017,1,1,,
297,Faxe,2017,2,4,7756.0,837.2144289248723
298,Fredensborg,2017,2,7,1920.5,839.3357492684319
299,Fredericia,2017,7,22,1200.7142857142858,895.013913166664
300,Frederiksberg,2017,25,122,319.12,271.3431591177489
301,Frederikshavn,2017,11,33,2433.7272727272725,4181.871568829179
302,Frederikssund,2017,5,15,1071.6,1698.7911290090963
303,Furesø,2017,4,29,471.5,442.02601733382164
304,Gentofte,2017,6,27,522.8333333333334,434.9190346106579
305,Gladsaxe,2017,1,3,,
306,Glostrup,2017,4,13,501.25,352.4082622943641
307,Greve,2017,5,23,1641.6,1550.3487672133647
308,Gribskov,2017,5,10,1500.6,906.313577080251
309,Guldborgsund,2017,7,33,2540.1428571428573,4530.072090249463
310,Haderslev,2017,6,26,3410.3333333333335,3931.7354777078613
311,Halsnæs,2017,1,1,,
312,Hedensted,2017,3,42,5688.666666666667,5146.242739449173
313,Helsingør,2017,4,15,660.5,353.731065453215
314,Herlev,2017,3,13,730.0,395.91286920230317
315,Herning,2017,5,22,6198.2,5973.899873616899
316,Hillerød,2017,4,10,481.5,450.41795405304765
317,Hjørring,2017,16,65,2135.25,3455.113379712259
318,Holbæk,2017,7,32,2793.714285714286,3127.0452887822453
319,Holstebro,2017,5,21,604.2,449.7084611167551
320,Horsens,2017,10,28,646.9,705.3167058531618
321,Hvidovre,2017,2,10,855.5,41.71930009000631
322,Høje Taastrup,2017,5,30,874.2,593.3579863792178
323,Hørsholm,2017,3,18,861.0,659.1820689308835
324,Ikast-Brande,2017,1,1,,
325,Ishøj,2017,2,5,1115.0,1282.691701072397
326,Jammerbugt,2017,6,20,2101.5,3608.211565304895
327,Kalundborg,2017,6,22,5608.333333333333,6268.8985848126995
328,Kerteminde,2017,2,2,4548.5,3922.3213152417793
329,Kolding,2017,9,39,2925.777777777778,3374.5242545349183
330,København,2017,128,733,421.0703125,347.98459517885453
331,Køge,2017,6,74,713.0,874.1123497583134
332,Lejre,2017,1,4,,
333,Lemvig,2017,1,2,,
334,Lolland,2017,4,13,5202.0,3657.0953865966726
335,Lyngby-Taarbæk,2017,9,50,539.7777777777778,534.2945764692399
336,Læsø,2017,1,3,,
337,Mariagerfjord,2017,5,9,1544.0,501.08731774013205
338,Middelfart,2017,9,46,849.3333333333334,845.5483427930067
339,Morsø,2017,3,15,4050.0,5323.618412320703
340,Norddjurs,2017,3,8,821.3333333333334,298.97380041290126
341,Nordfyns,2017,1,2,,
342,Nyborg,2017,6,33,393.6666666666667,415.7507265978818
343,Næstved,2017,3,21,555.6666666666666,54.85739087245523
344,Odder,2017,2,6,483.0,0.0
345,Odense,2017,14,59,1211.142857142857,1384.1895077649567
346,Odsherred,2017,1,3,,
347,Randers,2017,10,68,1608.1,2224.681173162173
348,Rebild,2017,5,18,2783.2,3308.5409473059267
349,Ringkøbing-Skjern,2017,6,20,4176.333333333333,4038.72131579621
350,Ringsted,2017,2,5,115.0,39.59797974644666
351,Roskilde,2017,7,31,1534.0,2172.3065314698724
352,Rudersdal,2017,9,30,1361.111111111111,1044.9470613916817
353,Rødovre,2017,1,2,,
354,Samsø,2017,2,4,3517.0,2097.2787129993
355,Silkeborg,2017,12,30,2047.4166666666667,2271.5911307168626
356,Skanderborg,2017,8,43,3606.5,4003.504857354009
357,Skive,2017,3,10,342.6666666666667,178.99813779292046
358,Slagelse,2017,12,58,908.25,1689.2925967021602
359,Sorø,2017,4,16,8344.75,11211.742099989042
360,Stevns,2017,2,4,7259.0,151.32085117392117
361,Svendborg,2017,7,19,1486.2857142857142,2170.6839716462423
362,Syddjurs,2017,7,16,2702.0,2373.6351165810356
363,Sønderborg,2017,13,46,1116.6923076923076,1406.028590547112
364,Thisted,2017,31,51,3090.2903225806454,2859.634897366543
365,Tårnby,2017,8,46,481.25,367.25925058854153
366,Tønder,2017,3,6,1622.3333333333333,1938.4636528274998
367,Varde,2017,6,15,6438.0,3565.083841931351
368,Vejen,2017,4,7,4391.0,5893.493417886089
369,Vejle,2017,19,65,2598.9473684210525,2654.998461470243
370,Vesthimmerlands,2017,5,16,2745.2,3964.7024730741146
371,Viborg,2017,8,30,2464.125,3874.3213391877703
372,Vordingborg,2017,8,20,2550.5,2501.300690212423
373,Aabenraa,2018,10,58,2050.6,4422.586050918374
374,Aalborg,2018,25,87,1665.68,4485.240542787718
375,Aarhus,2018,48,212,1075.3125,1235.0853387045684
376,Albertslund,2018,2,6,284.5,399.51533137039934
377,Allerød,2018,1,4,,
378,Assens,2018,4,17,2629.25,1328.9237186535577
379,Ballerup,2018,7,34,815.5714285714286,955.987597050446
380,Billund,2018,7,28,579.4285714285714,399.859915946763
381,Bornholm,2018,10,26,498.1,356.23632917239394
382,Brøndby,2018,2,6,1347.0,398.8082245892128
383,Brønderslev,2018,6,28,5416.666666666667,3585.784135536698
384,Dragør,2018,3,16,767.6666666666666,217.08600446213322
385,Egedal,2018,1,4,,
386,Esbjerg,2018,14,41,10990.57142857143,30209.739205744903
387,Faaborg-Midtfyn,2018,2,8,4174.5,5585.436464592539
388,Favrskov,2018,1,1,,
389,Faxe,2018,2,4,7756.0,837.2144289248723
390,Fredensborg,2018,2,7,1920.5,839.3357492684319
391,Fredericia,2018,9,34,995.1111111111111,876.242039114257
392,Frederiksberg,2018,25,122,319.12,271.3431591177489
393,Frederikshavn,2018,14,39,2362.6428571428573,3719.268613112464
394,Frederikssund,2018,6,17,1304.1666666666667,1622.7250434582768
395,Furesø,2018,6,37,819.5,892.3933549730185
396,Gentofte,2018,6,27,522.8333333333334,434.9190346106579
397,Gladsaxe,2018,3,7,746.6666666666666,329.42576300789426
398,Glostrup,2018,5,20,567.4,339.1501142562096
399,Greve,2018,5,23,1641.6,1550.3487672133647
400,Gribskov,2018,5,10,1500.6,906.313577080251
401,Guldborgsund,2018,8,34,3435.0,4898.577052865163
402,Haderslev,2018,8,44,5529.75,5378.424749470266
403,Halsnæs,2018,2,5,301.5,65.76093065034893
404,Hedensted,2018,5,48,4979.4,4350.140721861765
405,Helsingør,2018,4,15,660.5,353.731065453215
406,Herlev,2018,3,13,730.0,395.91286920230317
407,Herning,2018,8,36,6325.5,4839.801088002334
408,Hillerød,2018,6,21,410.1666666666667,374.4838670312336
409,Hjørring,2018,16,65,2135.25,3455.113379712259
410,Holbæk,2018,7,32,2793.714285714286,3127.0452887822453
411,Holstebro,2018,5,21,604.2,449.7084611167551
412,Horsens,2018,12,34,673.3333333333334,698.9142662123528
413,Hvidovre,2018,3,14,1138.0,490.1928192048513
414,Høje Taastrup,2018,7,50,894.1428571428571,486.5622360231109
415,Hørsholm,2018,3,18,861.0,659.1820689308835
416,Ikast-Brande,2018,2,4,962.0,964.4936495384508
417,Ishøj,2018,2,5,1115.0,1282.691701072397
418,Jammerbugt,2018,8,23,2284.0,3336.272684984162
419,Kalundborg,2018,7,23,5331.285714285715,5769.447885609325
420,Kerteminde,2018,2,2,4548.5,3922.3213152417793
421,Kolding,2018,11,47,2440.090909090909,3207.888603257459
422,København,2018,139,773,435.41007194244605,395.96756954289185
423,Køge,2018,7,78,673.0,804.9391281333018
424,Langeland,2018,5,12,8065.4,4684.4365509632
425,Lejre,2018,1,4,,
426,Lemvig,2018,1,2,,
427,Lolland,2018,4,13,5202.0,3657.0953865966726
428,Lyngby-Taarbæk,2018,9,50,539.7777777777778,534.2945764692399
429,Læsø,2018,2,7,1171.0,926.3098833543772
430,Mariagerfjord,2018,7,15,1675.4285714285713,528.3183564048156
431,Middelfart,2018,9,46,849.3333333333334,845.5483427930067
432,Morsø,2018,6,27,2671.5,3730.0449193005707
433,Norddjurs,2018,3,8,821.3333333333334,298.97380041290126
434,Nordfyns,2018,1,2,,
435,Nyborg,2018,7,35,390.2857142857143,379.632152785524
436,Næstved,2018,3,21,555.6666666666666,54.85739087245523
437,Odder,2018,2,6,483.0,0.0
438,Odense,2018,20,71,1092.75,1193.4738272437269
439,Odsherred,2018,1,3,,
440,Randers,2018,15,84,1377.5333333333333,1856.5617556065708
441,Rebild,2018,6,50,2393.0,3109.773432261585
442,Ringkøbing-Skjern,2018,9,29,5291.111111111111,3643.6553913770595
443,Ringsted,2018,2,5,115.0,39.59797974644666
444,Roskilde,2018,9,45,1401.6666666666667,1903.3447533224241
445,Rudersdal,2018,9,30,1361.111111111111,1044.9470613916817
446,Rødovre,2018,1,2,,
447,Samsø,2018,4,6,3569.75,2176.980228818504
448,Silkeborg,2018,15,36,1795.4666666666667,2101.6998517073425
449,Skanderborg,2018,9,44,3213.8888888888887,3925.7911446116327
450,Skive,2018,3,10,342.6666666666667,178.99813779292046
451,Slagelse,2018,12,58,908.25,1689.2925967021602
452,Sorø,2018,4,16,8344.75,11211.742099989042
453,Stevns,2018,3,5,5482.666666666667,3078.5596199088513
454,Struer,2018,1,2,,
455,Svendborg,2018,11,28,1898.1818181818182,2312.9720628741634
456,Syddjurs,2018,9,25,2999.8888888888887,2773.6052100310008
457,Sønderborg,2018,16,69,1179.1875,1303.053348549731
458,Thisted,2018,32,53,3041.84375,2826.451361226482
459,Tårnby,2018,8,46,481.25,367.25925058854153
460,Tønder,2018,4,8,3507.0,4088.149703716829
461,Varde,2018,9,18,4340.333333333333,4225.918184252979
462,Vejen,2018,4,7,4391.0,5893.493417886089
463,Vejle,2018,21,68,2508.1428571428573,2538.44653845052
464,Vesthimmerlands,2018,11,32,1696.1818181818182,2719.490166122386
465,Viborg,2018,12,42,4018.5833333333335,6542.647857895475
466,Vordingborg,2018,8,20,2550.5,2501.300690212423
467,Ærø,2018,1,1,,
468,Aabenraa,2019,13,110,1735.8461538461538,3889.154146386971
469,Aalborg,2019,31,115,1426.7096774193549,4044.696331358292
470,Aarhus,2019,54,228,1050.0185185185185,1197.3174968778496
471,Albertslund,2019,3,7,569.6666666666666,569.004686565351
472,Allerød,2019,1,4,,
473,Assens,2019,5,19,2387.6,1271.4174373509275
474,Ballerup,2019,8,38,868.5,897.6440592700745
475,Billund,2019,10,40,1721.0,2897.00880219581
476,Bornholm,2019,13,37,690.8461538461538,826.4865240032499
477,Brøndby,2019,2,6,1347.0,398.8082245892128
478,Brønderslev,2019,6,28,5416.666666666667,3585.784135536698
479,Dragør,2019,3,16,767.6666666666666,217.08600446213322
480,Egedal,2019,3,12,2846.0,999.5183840230253
481,Esbjerg,2019,14,41,10990.57142857143,30209.739205744903
482,Faaborg-Midtfyn,2019,2,8,4174.5,5585.436464592539
483,Fanø,2019,1,4,,
484,Favrskov,2019,1,1,,
485,Faxe,2019,3,6,5771.0,3488.7159528972834
486,Fredensborg,2019,3,11,2110.3333333333335,678.4926921738606
487,Fredericia,2019,12,48,855.0,794.3410076054467
488,Frederiksberg,2019,25,122,319.12,271.3431591177489
489,Frederikshavn,2019,15,40,2218.6666666666665,3627.09631339818
490,Frederikssund,2019,8,22,2881.875,5120.3243043915545
491,Furesø,2019,6,37,819.5,892.3933549730185
492,Gentofte,2019,9,43,596.6666666666666,556.0146131173174
493,Gladsaxe,2019,5,11,691.4,269.3488444378405
494,Glostrup,2019,7,22,990.7142857142857,1052.493343492128
495,Greve,2019,6,33,1379.6666666666667,1527.9134355933477
496,Gribskov,2019,5,10,1500.6,906.313577080251
497,Guldborgsund,2019,8,34,3435.0,4898.577052865163
498,Haderslev,2019,8,44,5529.75,5378.424749470266
499,Halsnæs,2019,3,9,5428.333333333333,8880.057563627239
500,Hedensted,2019,7,55,4049.8571428571427,3894.5318258883367
501,Helsingør,2019,5,16,694.6,315.68702855834925
502,Herlev,2019,4,19,886.75,450.31128122666433
503,Herning,2019,10,39,6350.3,4957.15474059689
504,Hillerød,2019,10,38,693.9,872.2646705877497
505,Hjørring,2019,17,69,2725.5882352941176,4137.170818609372
506,Holbæk,2019,7,32,2793.714285714286,3127.0452887822453
507,Holstebro,2019,6,22,619.5,403.9736377537524
508,Horsens,2019,15,38,678.0666666666667,674.1883444628244
509,Hvidovre,2019,4,16,1183.5,410.45543810097905
510,Høje Taastrup,2019,9,52,740.4444444444445,521.645500103066
511,Hørsholm,2019,3,18,861.0,659.1820689308835
512,Ikast-Brande,2019,2,4,962.0,964.4936495384508
513,Ishøj,2019,2,5,1115.0,1282.691701072397
514,Jammerbugt,2019,12,36,1798.9166666666667,2768.300806643058
515,Kalundborg,2019,7,23,5331.285714285715,5769.447885609325
516,Kerteminde,2019,2,2,4548.5,3922.3213152417793
517,Kolding,2019,12,49,2291.0833333333335,3101.85168915523
518,København,2019,154,845,423.18831168831167,384.19740244501537
519,Køge,2019,7,78,673.0,804.9391281333018
520,Langeland,2019,5,12,8065.4,4684.4365509632
521,Lejre,2019,1,4,,
522,Lemvig,2019,3,8,1559.3333333333333,203.06238778595443
523,Lolland,2019,5,19,6364.2,4096.8651674176435
524,Lyngby-Taarbæk,2019,9,50,539.7777777777778,534.2945764692399
525,Læsø,2019,2,7,1171.0,926.3098833543772
526,Mariagerfjord,2019,10,23,2477.5,2371.1880402494908
527,Middelfart,2019,13,55,863.6153846153846,752.3815010198769
528,Morsø,2019,6,27,2671.5,3730.0449193005707
529,Norddjurs,2019,3,8,821.3333333333334,298.97380041290126
530,Nordfyns,2019,1,2,,
531,Nyborg,2019,8,39,342.25,376.8174055731199
532,Næstved,2019,3,21,555.6666666666666,54.85739087245523
533,Odder,2019,2,6,483.0,0.0
534,Odense,2019,25,85,970.28,1108.6007516985846
535,Odsherred,2019,2,4,15992.5,15322.296841531299
536,Randers,2019,15,84,1377.5333333333333,1856.5617556065708
537,Rebild,2019,8,58,1825.75,2830.362003601054
538,Ringkøbing-Skjern,2019,10,33,4917.0,3633.273975050296
539,Ringsted,2019,3,8,124.33333333333333,32.331615074619044
540,Roskilde,2019,12,50,1130.75,1695.646678730834
541,Rudersdal,2019,13,44,1068.1538461538462,978.2429696615803
542,Rødovre,2019,4,23,40.25,17.858238061652855
543,Samsø,2019,5,8,2916.2,2385.3868030153935
544,Silkeborg,2019,23,47,1858.2608695652175,2543.620633831577
545,Skanderborg,2019,11,49,4358.272727272727,4482.098372211594
546,Skive,2019,3,10,342.6666666666667,178.99813779292046
547,Slagelse,2019,13,70,905.0,1617.4169736548047
548,Sorø,2019,4,16,8344.75,11211.742099989042
549,Stevns,2019,3,5,5482.666666666667,3078.5596199088513
550,Struer,2019,1,2,,
551,Svendborg,2019,15,39,1413.8,2124.6170478465056
552,Syddjurs,2019,11,29,3329.4545454545455,2587.9509409429056
553,Sønderborg,2019,22,100,1023.7727272727273,1138.7070333462457
554,Thisted,2019,35,57,2942.2571428571428,2719.1592595858733
555,Tårnby,2019,9,51,498.55555555555554,347.4403226135069
556,Tønder,2019,7,13,5227.142857142857,5112.746568742722
557,Varde,2019,10,20,3942.0,4178.613885010195
558,Vejen,2019,4,7,4391.0,5893.493417886089
559,Vejle,2019,22,70,2597.7272727272725,2512.653088097428
560,Vesthimmerlands,2019,12,33,1565.0833333333333,2632.4017190782374
561,Viborg,2019,14,48,3491.3571428571427,6165.783992912236
562,Vordingborg,2019,12,32,2675.0833333333335,2502.34978509594
563,Ærø,2019,1,1,,
564,Aabenraa,2020,17,118,1478.235294117647,3412.4747531925377
565,Aalborg,2020,37,132,1537.2162162162163,3801.414576875993
566,Aarhus,2020,67,280,1083.2238805970148,1205.7991292197626
567,Albertslund,2020,6,16,713.5,456.3721069478283
568,Allerød,2020,1,4,,
569,Assens,2020,7,23,3651.4285714285716,2398.047946222292
570,Ballerup,2020,9,44,915.8888888888889,851.6194050813492
571,Billund,2020,17,66,1744.5294117647059,2965.7108363267453
572,Bornholm,2020,22,61,2038.5454545454545,3263.309184121056
573,Brøndby,2020,3,10,1350.6666666666667,282.07150393709276
574,Brønderslev,2020,7,30,4662.0,3834.2568597665268
575,Dragør,2020,3,16,767.6666666666666,217.08600446213322
576,Egedal,2020,5,28,1781.2,1620.7073147240374
577,Esbjerg,2020,15,44,10271.2,29243.85461743568
578,Faaborg-Midtfyn,2020,3,10,3640.6666666666665,4056.2894784930395
579,Fanø,2020,1,4,,
580,Favrskov,2020,4,4,6026.25,3726.789447142585
581,Faxe,2020,6,17,5659.166666666667,3001.9540580539647
582,Fredensborg,2020,5,14,64762.0,141276.8677508813
583,Fredericia,2020,12,48,855.0,794.3410076054467
584,Frederiksberg,2020,30,168,325.06666666666666,259.4422310734469
585,Frederikshavn,2020,17,47,2100.470588235294,3409.709612225927
586,Frederikssund,2020,10,27,2473.3,4598.865924213152
587,Furesø,2020,9,49,707.1111111111111,762.7405267265606
588,Gentofte,2020,15,55,891.3333333333334,704.6155655661428
589,Gladsaxe,2020,11,34,613.0909090909091,435.88036306891706
590,Glostrup,2020,8,26,935.875,986.6874505130792
591,Greve,2020,8,41,1943.125,1666.369230007049
592,Gribskov,2020,6,11,1905.5,1280.9322776790348
593,Guldborgsund,2020,13,47,3211.846153846154,4909.904646836397
594,Haderslev,2020,12,48,3864.0,4959.953188928665
595,Halsnæs,2020,4,10,4720.25,7387.54421870579
596,Hedensted,2020,8,61,4312.25,3681.2239715305873
597,Helsingør,2020,6,17,1954.3333333333333,3098.5956604027356
598,Herlev,2020,6,25,1018.3333333333334,758.2257359564279
599,Herning,2020,11,43,5911.272727272727,4923.031506925567
600,Hillerød,2020,12,41,766.75,826.7591850109679
601,Hjørring,2020,22,83,2336.318181818182,3699.220180194529
602,Holbæk,2020,8,36,2786.0,2895.1636025817756
603,Holstebro,2020,9,32,777.4444444444445,520.3523112063381
604,Horsens,2020,19,44,705.8947368421053,656.7081116140178
605,Hvidovre,2020,5,20,998.4,545.5871149504908
606,Høje Taastrup,2020,15,91,605.2,469.4098422487538
607,Hørsholm,2020,3,18,861.0,659.1820689308835
608,Ikast-Brande,2020,4,18,751.25,643.8505908464582
609,Ishøj,2020,3,8,804.0,1054.8990473026317
610,Jammerbugt,2020,15,43,1896.0,2693.2988800248027
611,Kalundborg,2020,8,29,4690.25,5640.80887690004
612,Kerteminde,2020,2,2,4548.5,3922.3213152417793
613,Kolding,2020,18,68,1921.4444444444443,2635.9162537402485
614,København,2020,196,1107,423.7704081632653,378.9318771627546
615,Køge,2020,8,79,792.625,818.4418885907539
616,Langeland,2020,5,12,8065.4,4684.4365509632
617,Lejre,2020,2,6,10570.5,4496.4920215652555
618,Lemvig,2020,3,8,1559.3333333333333,203.06238778595443
619,Lolland,2020,6,21,5661.166666666667,4048.824343765319
620,Lyngby-Taarbæk,2020,10,51,625.9,572.644828842451
621,Læsø,2020,3,8,3362.3333333333335,3851.6036054263595
622,Mariagerfjord,2020,12,27,2339.75,2188.9094472320726
623,Middelfart,2020,13,55,863.6153846153846,752.3815010198769
624,Morsø,2020,7,29,2615.5714285714284,3408.263284878036
625,Norddjurs,2020,5,10,791.4,344.06801653161546
626,Nordfyns,2020,1,2,,
627,Nyborg,2020,9,43,307.8888888888889,367.24462026163314
628,Næstved,2020,5,25,2250.6,3815.2018033126374
629,Odder,2020,2,6,483.0,0.0
630,Odense,2020,27,93,925.2962962962963,1079.2397543147895
631,Odsherred,2020,3,8,12078.666666666666,12780.479816240599
632,Randers,2020,16,90,1371.375,1793.7782053531591
633,Rebild,2020,9,61,2467.8888888888887,3274.24214301739
634,Ringkøbing-Skjern,2020,16,54,3974.125,3883.997474681637
635,Ringsted,2020,5,11,2013.0,3375.2048826700875
636,Roskilde,2020,17,67,1534.4705882352941,2704.2066562498294
637,Rudersdal,2020,15,50,986.5333333333333,932.1364758037364
638,Rødovre,2020,6,27,713.5,1044.406194926093
639,Samsø,2020,5,8,2916.2,2385.3868030153935
640,Silkeborg,2020,27,60,1794.111111111111,2384.594149202387
641,Skanderborg,2020,14,56,3550.4285714285716,4259.14069907364
642,Skive,2020,3,10,342.6666666666667,178.99813779292046
643,Slagelse,2020,13,70,905.0,1617.4169736548047
644,Sorø,2020,4,16,8344.75,11211.742099989042
645,Stevns,2020,4,7,4594.5,3077.9397330032307
646,Struer,2020,3,5,235.66666666666666,261.30505799416386
647,Svendborg,2020,17,44,1249.3529411764705,2040.9011472011719
648,Syddjurs,2020,18,42,3618.6666666666665,2451.936713510123
649,Sønderborg,2020,32,125,2034.3125,4684.950872035595
650,Thisted,2020,38,65,2846.5263157894738,2642.9459887195503
651,Tårnby,2020,12,58,762.3333333333334,622.1856392564599
652,Tønder,2020,8,15,4723.375,4943.290689336984
653,Varde,2020,14,26,3600.214285714286,4035.309447262358
654,Vejen,2020,5,15,3514.2,5467.525921292006
655,Vejle,2020,24,74,2508.5,2426.7539242155663
656,Vesthimmerlands,2020,12,33,1565.0833333333333,2632.4017190782374
657,Viborg,2020,28,80,2199.964285714286,4573.756268766916
658,Vordingborg,2020,13,36,2948.153846153846,2590.235344717858
659,Ærø,2020,1,1,,
660,Aabenraa,2021,25,131,2331.12,3996.9624958627437
661,Aalborg,2021,46,154,1538.8478260869565,3689.8555465094128
662,Aarhus,2021,100,378,1157.33,1291.039140273126
663,Albertslund,2021,8,24,747.875,598.9680262155664
664,Allerød,2021,2,7,5724.0,2719.5326804434617
665,Assens,2021,21,55,3111.6666666666665,2508.9149314660576
666,Ballerup,2021,17,81,843.1764705882352,740.9448558508013
667,Billund,2021,21,74,1525.3333333333333,2696.430721033517
668,Bornholm,2021,30,81,1696.9333333333334,2854.3091190560344
669,Brøndby,2021,4,13,1277.0,273.4044622898463
670,Brønderslev,2021,7,30,4662.0,3834.2568597665268
671,Dragør,2021,4,17,718.25,202.94231528523898
672,Egedal,2021,7,36,1331.4285714285713,1530.6791365428676
673,Esbjerg,2021,30,142,9682.066666666668,28800.684359605228
674,Faaborg-Midtfyn,2021,5,17,3179.6,3400.117468558991
675,Fanø,2021,1,4,,
676,Favrskov,2021,8,9,5069.625,3537.195537125018
677,Faxe,2021,6,17,5659.166666666667,3001.9540580539647
678,Fredensborg,2021,5,14,64762.0,141276.8677508813
679,Fredericia,2021,18,72,999.7777777777778,956.3198797569256
680,Frederiksberg,2021,48,288,340.5,250.40962186666118
681,Frederikshavn,2021,27,69,2171.4074074074074,3490.217177056457
682,Frederikssund,2021,12,31,2861.8333333333335,4679.474753612521
683,Furesø,2021,11,52,1205.090909090909,1310.7798026019057
684,Gentofte,2021,19,64,905.6315789473684,656.4180756640386
685,Gladsaxe,2021,20,89,618.85,384.7731081258696
686,Glostrup,2021,12,42,761.3333333333334,849.2987838460764
687,Greve,2021,9,43,1748.888888888889,1664.1024941724927
688,Gribskov,2021,8,14,2300.75,1328.084738045194
689,Guldborgsund,2021,27,78,3831.6296296296296,4949.844155651989
690,Haderslev,2021,17,54,3619.0588235294117,4518.725061765048
691,Halsnæs,2021,4,10,4720.25,7387.54421870579
692,Hedensted,2021,9,63,4897.777777777777,3865.6265591032516
693,Helsingør,2021,12,43,1610.5833333333333,2388.6730610161453
694,Herlev,2021,7,29,914.1428571428571,745.0356654933661
695,Herning,2021,17,63,4295.470588235294,4539.9440266049405
696,Hillerød,2021,16,70,789.3125,759.3207243978002
697,Hjørring,2021,25,91,2446.44,3647.093215607922
698,Holbæk,2021,14,54,2244.8571428571427,2311.0152566531265
699,Holstebro,2021,21,83,3101.904761904762,5646.471631955322
700,Horsens,2021,24,62,810.75,774.6914252448042
701,Hvidovre,2021,9,38,1134.5555555555557,925.8037198984339
702,Høje Taastrup,2021,18,102,593.0,445.4825539595832
703,Hørsholm,2021,6,29,954.8333333333334,654.6820347822802
704,Ikast-Brande,2021,10,26,2722.6,5617.273205628036
705,Ishøj,2021,4,9,1694.5,1978.3416455877045
706,Jammerbugt,2021,18,47,2238.4444444444443,2883.752482285012
707,Kalundborg,2021,10,35,4995.0,5761.07839056389
708,Kerteminde,2021,5,11,4787.4,2769.7050926046263
709,Kolding,2021,20,71,1800.7,2520.9529756152056
710,København,2021,264,1490,389.8030303030303,358.66933921890427
711,Køge,2021,15,109,1276.1333333333334,2353.910207859821
712,Langeland,2021,7,15,5761.428571428572,5487.421430178381
713,Lejre,2021,3,14,9815.333333333334,3438.030007625491
714,Lemvig,2021,6,17,1625.3333333333333,216.1468636521628
715,Lolland,2021,8,25,5724.0,4044.132433891989
716,Lyngby-Taarbæk,2021,17,112,658.1176470588235,599.3659026789209
717,Læsø,2021,4,10,4458.0,3832.9938690271865
718,Mariagerfjord,2021,16,35,1995.4375,1981.3918329884507
719,Middelfart,2021,22,82,1554.590909090909,2477.6955625875025
720,Morsø,2021,10,34,3188.7,3659.995963871484
721,Norddjurs,2021,7,17,3981.1428571428573,8632.431454087766
722,Nordfyns,2021,3,7,12974.0,5616.351217650122
723,Nyborg,2021,14,60,946.4285714285714,1877.4700945804586
724,Næstved,2021,9,33,3421.222222222222,3592.88340952562
725,Odder,2021,4,14,538.25,79.69682135024793
726,Odense,2021,46,214,887.8260869565217,902.1599834557019
727,Odsherred,2021,9,21,5348.777777777777,8326.990989814054
728,Randers,2021,22,104,2099.0,2429.5312501052736
729,Rebild,2021,11,64,2343.3636363636365,2987.976481591757
730,Ringkøbing-Skjern,2021,33,94,2936.4242424242425,3411.523780056932
731,Ringsted,2021,9,17,3092.1111111111113,3696.537685606778
732,Roskilde,2021,20,79,1348.25,2523.0317784885624
733,Rudersdal,2021,19,90,928.2631578947369,858.7750217674568
734,Rødovre,2021,7,33,992.0,1204.9575372877946
735,Samsø,2021,6,9,2480.5,2385.5949153198662
736,Silkeborg,2021,40,105,1775.35,2555.602217652777
737,Skanderborg,2021,18,65,2919.722222222222,3932.6480198096065
738,Skive,2021,6,22,1208.6666666666667,1357.2462807709833
739,Slagelse,2021,21,97,758.6190476190476,1315.6603846050268
740,Sorø,2021,7,24,7641.0,8621.7850239959
741,Stevns,2021,4,7,4594.5,3077.9397330032307
742,Struer,2021,9,39,440.55555555555554,563.8262389936972
743,Svendborg,2021,22,56,1490.6818181818182,2431.597033234461
744,Syddjurs,2021,21,48,3456.714285714286,2395.413766823117
745,Sønderborg,2021,38,142,2225.7631578947367,4518.809993040266
746,Thisted,2021,44,76,2716.818181818182,2537.8753453428208
747,Tårnby,2021,14,64,843.5,655.1112354167274
748,Tønder,2021,20,34,2205.55,3720.4418735159034
749,Varde,2021,22,43,6923.727272727273,16946.05340817012
750,Vejen,2021,7,25,4168.857142857143,5690.9378673048095
751,Vejle,2021,43,155,1853.4418604651162,2412.2792847698606
752,Vesthimmerlands,2021,14,36,1453.5714285714287,2442.4603520689075
753,Viborg,2021,33,92,2272.4242424242425,4487.754686577013
754,Vordingborg,2021,18,45,2550.9444444444443,2459.2863735889446
755,Ærø,2021,3,5,350.3333333333333,345.5102506921225
